Last Touch Marketing Channel,Product page MC,Start application MC,Finish application MC,Category,con_1_MC,con_2_MC,Date,MonthvsWeek,Visitor or Client
::unspecified::,0,0,0,Mortgages,NA,NA,2022-08-01,Week,total
Affiliate,3,0,0,Mortgages,0,NA,2022-08-01,Week,total
Direct,2003,92.5,51.81818181818181,Mortgages,4.618072890664004,56.019656019656,2022-08-01,Week,total
Display,1,0,0,Mortgages,0,NA,2022-08-01,Week,total
Email,8,0,0,Mortgages,0,NA,2022-08-01,Week,total
Mobile App,0,0,0,Mortgages,NA,NA,2022-08-01,Week,total
Natural Search,2681,86.66666666666667,38.18181818181818,Mortgages,3.2326246425463148,44.05594405594406,2022-08-01,Week,total
Paid Search,1044,45.833333333333336,20,Mortgages,4.39016602809706,43.63636363636367,2022-08-01,Week,total
Referring Domains,75,5,2.727272727272727,Mortgages,6.666666666666667,54.54545454545461,2022-08-01,Week,total
Social Networks,30,0,0,Mortgages,0,NA,2022-08-01,Week,total
::unspecified::,5,0,0,Mortgages,0,NA,2022-08-08,Week,total
Affiliate,9,0,0,Mortgages,0,NA,2022-08-08,Week,total
Direct,4754,242.5,111.81818181818181,Mortgages,5.100967606226336,46.11059044048742,2022-08-08,Week,total
Display,0,0,0,Mortgages,NA,NA,2022-08-08,Week,total
Email,9,0,0,Mortgages,0,NA,2022-08-08,Week,total
Mobile App,0,0,0,Mortgages,NA,NA,2022-08-08,Week,total
Natural Search,6604,206.66666666666669,104.54545454545453,Mortgages,3.129416515243292,50.58651026392976,2022-08-08,Week,total
Paid Search,2526,70,29.09090909090909,Mortgages,2.771179730799683,41.55844155844157,2022-08-08,Week,total
Referring Domains,184,5,5.454545454545454,Mortgages,2.717391304347826,109.090909090909,2022-08-08,Week,total
Social Networks,14,0,0,Mortgages,0,NA,2022-08-08,Week,total
::unspecified::,6,0.8333333333333334,0,Mortgages,13.888888888888884,0,2022-08-15,Week,total
Affiliate,1,0,0,Mortgages,0,NA,2022-08-15,Week,total
Direct,4090,200.83333333333334,121.81818181818181,Mortgages,4.910350448247751,60.65635609204093,2022-08-15,Week,total
Display,0,0,0,Mortgages,NA,NA,2022-08-15,Week,total
Email,29,0,0,Mortgages,0,NA,2022-08-15,Week,total
Mobile App,0,0,0,Mortgages,NA,NA,2022-08-15,Week,total
Natural Search,5766,178.33333333333334,79.09090909090908,Mortgages,3.0928431032489248,44.35004248088369,2022-08-15,Week,total
Paid Search,2334,79.16666666666667,20,Mortgages,3.3918880319908613,25.263157894736832,2022-08-15,Week,total
Referring Domains,172,1.6666666666666667,0.9090909090909091,Mortgages,0.9689922480620174,54.54545454545443,2022-08-15,Week,total
Social Networks,13,0,0,Mortgages,0,NA,2022-08-15,Week,total
::unspecified::,3,0,0,Mortgages,0,NA,2022-08-22,Week,total
Affiliate,2,0.8333333333333334,0,Mortgages,41.66666666666665,0,2022-08-22,Week,total
Direct,5896,285,137.27272727272725,Mortgages,4.833785617367707,48.1658692185007,2022-08-22,Week,total
Display,0,0,0,Mortgages,NA,NA,2022-08-22,Week,total
Email,13,1.6666666666666667,0.9090909090909091,Mortgages,12.820512820512848,54.54545454545443,2022-08-22,Week,total
Mobile App,0,0,0,Mortgages,NA,NA,2022-08-22,Week,total
Natural Search,6036,207.5,109.09090909090908,Mortgages,3.437707090788602,52.57393209200434,2022-08-22,Week,total
Paid Search,2271,91.66666666666667,40,Mortgages,4.036400998091884,43.636363636363626,2022-08-22,Week,total
Referring Domains,168,4.166666666666667,0.9090909090909091,Mortgages,2.4801587301587316,21.8181818181818,2022-08-22,Week,total
Social Networks,8,0,0,Mortgages,0,NA,2022-08-22,Week,total
::unspecified::,3,0.8333333333333334,0,Mortgages,27.777777777777768,0,2022-08-29,Week,total
Affiliate,159,4.166666666666667,0.9090909090909091,Mortgages,2.620545073375264,21.8181818181818,2022-08-29,Week,total
Direct,4928,275,119.99999999999999,Mortgages,5.580357142857143,43.63636363636363,2022-08-29,Week,total
Display,0,0,0,Mortgages,NA,NA,2022-08-29,Week,total
Email,12,0.8333333333333334,0,Mortgages,6.944444444444442,0,2022-08-29,Week,total
Mobile App,0,0,0,Mortgages,NA,NA,2022-08-29,Week,total
Natural Search,5414,179.16666666666669,92.72727272727272,Mortgages,3.3093215121290545,51.75475687103584,2022-08-29,Week,total
Paid Search,2425,83.33333333333334,25.454545454545453,Mortgages,3.436426116838487,30.54545454545461,2022-08-29,Week,total
Referring Domains,175,2.5,0.9090909090909091,Mortgages,1.4285714285714286,36.36363636363636,2022-08-29,Week,total
Social Networks,2,0.8333333333333334,0.9090909090909091,Mortgages,41.66666666666665,109.09090909090911,2022-08-29,Week,total
::unspecified::,4,0,0,Mortgages,0,NA,2022-09-05,Week,total
Affiliate,194,4.166666666666667,1.8181818181818181,Mortgages,2.1477663230240562,43.63636363636365,2022-09-05,Week,total
Direct,5676,256.6666666666667,147.27272727272725,Mortgages,4.521963824289412,57.37898465171174,2022-09-05,Week,total
Display,0,0,0,Mortgages,NA,NA,2022-09-05,Week,total
Email,13,1.6666666666666667,0,Mortgages,12.820512820512848,0,2022-09-05,Week,total
Mobile App,0,0,0,Mortgages,NA,NA,2022-09-05,Week,total
Natural Search,7115,215,108.18181818181817,Mortgages,3.0217849613492622,50.3171247357293,2022-09-05,Week,total
Paid Search,2510,91.66666666666667,28.18181818181818,Mortgages,3.6520584329349286,30.74380165289257,2022-09-05,Week,total
Referring Domains,198,7.5,3.6363636363636362,Mortgages,3.787878787878788,48.48484848484853,2022-09-05,Week,total
Social Networks,20,0,0,Mortgages,0,NA,2022-09-05,Week,total
::unspecified::,7,0,0,Mortgages,0,NA,2022-09-12,Week,total
Affiliate,149,5.833333333333334,0,Mortgages,3.914988814317671,0,2022-09-12,Week,total
Direct,5495,207.5,98.18181818181817,Mortgages,3.776160145586897,47.316538882803954,2022-09-12,Week,total
Display,0,0,0,Mortgages,NA,NA,2022-09-12,Week,total
Email,9,0,0,Mortgages,0,NA,2022-09-12,Week,total
Mobile App,0,0,0,Mortgages,NA,NA,2022-09-12,Week,total
Natural Search,6266,190,84.54545454545453,Mortgages,3.032237472071497,44.49760765550237,2022-09-12,Week,total
Paid Search,1940,81.66666666666667,31.818181818181817,Mortgages,4.20962199312715,38.96103896103892,2022-09-12,Week,total
Referring Domains,187,1.6666666666666667,4.545454545454545,Mortgages,0.8912655971479518,272.72727272727184,2022-09-12,Week,total
Social Networks,135,0,0,Mortgages,0,NA,2022-09-12,Week,total
::unspecified::,7,0,0,Mortgages,0,NA,2022-09-19,Week,total
Affiliate,23,4.166666666666667,0.9090909090909091,Mortgages,18.115942028985522,21.8181818181818,2022-09-19,Week,total
Direct,4494,179.16666666666669,102.72727272727272,Mortgages,3.9867972110962837,57.33615221987319,2022-09-19,Week,total
Display,1,0,0,Mortgages,0,NA,2022-09-19,Week,total
Email,11,0,0,Mortgages,0,NA,2022-09-19,Week,total
Mobile App,0,0,0,Mortgages,NA,NA,2022-09-19,Week,total
Natural Search,5629,158.33333333333334,76.36363636363636,Mortgages,2.812814591105578,48.22966507177046,2022-09-19,Week,total
Paid Search,1986,73.33333333333334,22.727272727272727,Mortgages,3.6925142665323913,30.991735537190063,2022-09-19,Week,total
Referring Domains,214,3.3333333333333335,3.6363636363636362,Mortgages,1.5576323987538925,109.0909090909093,2022-09-19,Week,total
Social Networks,15,5.833333333333334,1.8181818181818181,Mortgages,38.888888888888864,31.16883116883121,2022-09-19,Week,total
::unspecified::,1,0,0,Mortgages,0,NA,2022-09-26,Week,total
Affiliate,52,0.8333333333333334,0,Mortgages,1.602564102564102,0,2022-09-26,Week,total
Direct,4160,224.16666666666669,107.27272727272727,Mortgages,5.388621794871803,47.85400473132796,2022-09-26,Week,total
Display,1,0,0,Mortgages,0,NA,2022-09-26,Week,total
Email,7,0,0,Mortgages,0,NA,2022-09-26,Week,total
Mobile App,0,0,0,Mortgages,NA,NA,2022-09-26,Week,total
Natural Search,6157,200.83333333333334,95.45454545454545,Mortgages,3.261869958313026,47.52923425122605,2022-09-26,Week,total
Paid Search,2554,80.83333333333334,34.54545454545454,Mortgages,3.1649699817280075,42.73664479850043,2022-09-26,Week,total
Referring Domains,255,6.666666666666667,3.6363636363636362,Mortgages,2.614379084967321,54.545454545454575,2022-09-26,Week,total
Social Networks,8,1.6666666666666667,0,Mortgages,20.833333333333375,0,2022-09-26,Week,total
::unspecified::,9,0,0,Mortgages,0,NA,2022-10-03,Week,total
Affiliate,321,15.833333333333334,0.9090909090909091,Mortgages,4.932502596053988,5.7416267942583845,2022-10-03,Week,total
Direct,6305,254.16666666666669,132.72727272727272,Mortgages,4.031192175522078,52.22056631892702,2022-10-03,Week,total
Display,3,0,0,Mortgages,0,NA,2022-10-03,Week,total
Email,23,1.6666666666666667,0,Mortgages,7.246376811594217,0,2022-10-03,Week,total
Mobile App,0,0,0,Mortgages,NA,NA,2022-10-03,Week,total
Natural Search,7682,245.83333333333334,100.9090909090909,Mortgages,3.2001214961381543,41.0477657935286,2022-10-03,Week,total
Paid Search,2881,91.66666666666667,22.727272727272727,Mortgages,3.1817655906513953,24.793388429752028,2022-10-03,Week,total
Referring Domains,313,6.666666666666667,0.9090909090909091,Mortgages,2.1299254526091596,13.636363636363628,2022-10-03,Week,total
Social Networks,99,0.8333333333333334,0,Mortgages,0.8417508417508414,0,2022-10-03,Week,total
::unspecified::,13,1.6666666666666667,1.8181818181818181,Mortgages,12.820512820512848,109.09090909090897,2022-10-10,Week,total
Affiliate,91,3.3333333333333335,0,Mortgages,3.663003663003659,0,2022-10-10,Week,total
Direct,4878,235.83333333333334,115.45454545454544,Mortgages,4.834631679650124,48.955991005460845,2022-10-10,Week,total
Display,1,0,0,Mortgages,0,NA,2022-10-10,Week,total
Email,8,2.5,0.9090909090909091,Mortgages,31.25,36.36363636363636,2022-10-10,Week,total
Mobile App,0,0,0,Mortgages,NA,NA,2022-10-10,Week,total
Natural Search,6227,168.33333333333334,79.09090909090908,Mortgages,2.7032814089181465,46.98469846984708,2022-10-10,Week,total
Paid Search,2341,60,28.18181818181818,Mortgages,2.5630072618539086,46.969696969697,2022-10-10,Week,total
Referring Domains,229,5,1.8181818181818181,Mortgages,2.1834061135371177,36.363636363636395,2022-10-10,Week,total
Social Networks,15,0.8333333333333334,0,Mortgages,5.555555555555554,0,2022-10-10,Week,total
::unspecified::,27,0,0,Mortgages,0,NA,2022-10-17,Week,total
Affiliate,118,5.833333333333334,3.6363636363636362,Mortgages,4.943502824858754,62.33766233766242,2022-10-17,Week,total
Direct,4315,237.5,130.9090909090909,Mortgages,5.504055619930475,55.119617224880415,2022-10-17,Week,total
Display,0,0,0,Mortgages,NA,NA,2022-10-17,Week,total
Email,69,0,0,Mortgages,0,NA,2022-10-17,Week,total
Mobile App,0,0,0,Mortgages,NA,NA,2022-10-17,Week,total
Natural Search,5887,240,109.09090909090908,Mortgages,4.0767793443179885,45.45454545454541,2022-10-17,Week,total
Paid Search,2331,66.66666666666667,19.09090909090909,Mortgages,2.8600028600028615,28.636363636363637,2022-10-17,Week,total
Referring Domains,229,9.166666666666668,1.8181818181818181,Mortgages,4.002911208151384,19.834710743801665,2022-10-17,Week,total
Social Networks,5,0,0,Mortgages,0,NA,2022-10-17,Week,total
::unspecified::,26,0,0,Mortgages,0,NA,2022-10-24,Week,total
Affiliate,178,4.166666666666667,1.8181818181818181,Mortgages,2.3408239700374547,43.63636363636365,2022-10-24,Week,total
Direct,4207,175,99.09090909090908,Mortgages,4.159733777038269,56.62337662337662,2022-10-24,Week,total
Display,1,0,0,Mortgages,0,NA,2022-10-24,Week,total
Email,17,0.8333333333333334,0,Mortgages,4.901960784313724,0,2022-10-24,Week,total
Mobile App,0,0,0,Mortgages,NA,NA,2022-10-24,Week,total
Natural Search,5991,205.83333333333334,93.63636363636363,Mortgages,3.4357091192344016,45.4913507545087,2022-10-24,Week,total
Paid Search,1923,53.333333333333336,11.818181818181817,Mortgages,2.773444271104176,22.15909090909089,2022-10-24,Week,total
Referring Domains,219,3.3333333333333335,4.545454545454545,Mortgages,1.5220700152206987,136.36363636363632,2022-10-24,Week,total
Social Networks,4,0.8333333333333334,0,Mortgages,20.833333333333325,0,2022-10-24,Week,total
::unspecified::,1,0,0,Mortgages,0,NA,2022-10-31,Week,total
Affiliate,118,8.333333333333334,2.727272727272727,Mortgages,7.062146892655365,32.72727272727277,2022-10-31,Week,total
Direct,5085,206.66666666666669,102.72727272727272,Mortgages,4.064241232382832,49.706744868035244,2022-10-31,Week,total
Display,1,0,0,Mortgages,0,NA,2022-10-31,Week,total
Email,36,0.8333333333333334,0,Mortgages,2.314814814814814,0,2022-10-31,Week,total
Mobile App,0,0,0,Mortgages,NA,NA,2022-10-31,Week,total
Natural Search,7615,270,127.27272727272727,Mortgages,3.545633617859488,47.138047138047035,2022-10-31,Week,total
Paid Search,1917,55,18.18181818181818,Mortgages,2.8690662493479393,33.05785123966945,2022-10-31,Week,total
Referring Domains,272,3.3333333333333335,0.9090909090909091,Mortgages,1.2254901960784301,27.2727272727273,2022-10-31,Week,total
Social Networks,63,0,0,Mortgages,0,NA,2022-10-31,Week,total
::unspecified::,2,0,0,Mortgages,0,NA,2022-11-07,Week,total
Affiliate,44,1.6666666666666667,0,Mortgages,3.7878787878787956,0,2022-11-07,Week,total
Direct,5637,255.83333333333334,106.36363636363636,Mortgages,4.538466087162196,41.5753627480011,2022-11-07,Week,total
Display,1,0,0,Mortgages,0,NA,2022-11-07,Week,total
Email,18,0.8333333333333334,0,Mortgages,4.629629629629628,0,2022-11-07,Week,total
Mobile App,0,0,0,Mortgages,NA,NA,2022-11-07,Week,total
Natural Search,5633,179.16666666666669,80.9090909090909,Mortgages,3.1806615776081486,45.158562367864604,2022-11-07,Week,total
Paid Search,1374,55.833333333333336,15.454545454545453,Mortgages,4.0635613779718565,27.679782903663597,2022-11-07,Week,total
Referring Domains,193,6.666666666666667,0.9090909090909091,Mortgages,3.4542314335060462,13.636363636363628,2022-11-07,Week,total
Social Networks,6,0,0.9090909090909091,Mortgages,0,Inf,2022-11-07,Week,total
::unspecified::,10,0,0,Mortgages,0,NA,2022-11-14,Week,total
Affiliate,169,2.5,2.727272727272727,Mortgages,1.4792899408284024,109.09090909090922,2022-11-14,Week,total
Direct,5461,223.33333333333334,110.9090909090909,Mortgages,4.089605078434957,49.66078697421993,2022-11-14,Week,total
Display,0,0,0,Mortgages,NA,NA,2022-11-14,Week,total
Email,20,0.8333333333333334,0,Mortgages,4.166666666666665,0,2022-11-14,Week,total
Mobile App,0,0,0,Mortgages,NA,NA,2022-11-14,Week,total
Natural Search,5399,178.33333333333334,88.18181818181817,Mortgages,3.3030808174353212,49.447748513169174,2022-11-14,Week,total
Paid Search,1860,67.5,17.27272727272727,Mortgages,3.6290322580645165,25.589225589225627,2022-11-14,Week,total
Referring Domains,186,12.5,6.363636363636363,Mortgages,6.720430107526881,50.90909090909088,2022-11-14,Week,total
Social Networks,5,0,0,Mortgages,0,NA,2022-11-14,Week,total
::unspecified::,5,0,0,Mortgages,0,NA,2022-11-21,Week,total
Affiliate,431,20,7.2727272727272725,Mortgages,4.640371229698376,36.363636363636346,2022-11-21,Week,total
Direct,4396,231.66666666666669,101.81818181818181,Mortgages,5.269942371853207,43.950294310006555,2022-11-21,Week,total
Display,0,0,0,Mortgages,NA,NA,2022-11-21,Week,total
Email,11,0,0,Mortgages,0,NA,2022-11-21,Week,total
Mobile App,0,0,0,Mortgages,NA,NA,2022-11-21,Week,total
Natural Search,5104,200.83333333333334,78.18181818181817,Mortgages,3.9348223615464932,38.928706148623235,2022-11-21,Week,total
Paid Search,1631,48.333333333333336,15.454545454545453,Mortgages,2.963417126507253,31.974921630094162,2022-11-21,Week,total
Referring Domains,145,2.5,4.545454545454545,Mortgages,1.7241379310344827,181.81818181818159,2022-11-21,Week,total
Social Networks,5,0.8333333333333334,0,Mortgages,16.66666666666666,0,2022-11-21,Week,total
::unspecified::,1,0,0,Mortgages,0,NA,2022-11-28,Week,total
Affiliate,525,25,4.545454545454545,Mortgages,4.761904761904762,18.18181818181816,2022-11-28,Week,total
Direct,3975,189.16666666666669,99.09090909090908,Mortgages,4.7589098532494845,52.382859431317485,2022-11-28,Week,total
Display,1,0,0,Mortgages,0,NA,2022-11-28,Week,total
Email,14,0,0,Mortgages,0,NA,2022-11-28,Week,total
Mobile App,0,0,0,Mortgages,NA,NA,2022-11-28,Week,total
Natural Search,5052,207.5,93.63636363636363,Mortgages,4.107284243863816,45.12595837897041,2022-11-28,Week,total
Paid Search,1147,32.5,9.09090909090909,Mortgages,2.8334786399302527,27.97202797202797,2022-11-28,Week,total
Referring Domains,170,6.666666666666667,3.6363636363636362,Mortgages,3.9215686274509824,54.545454545454575,2022-11-28,Week,total
Social Networks,2,0,0,Mortgages,0,NA,2022-11-28,Week,total
::unspecified::,3,0.8333333333333334,0,Mortgages,27.777777777777768,0,2022-12-05,Week,total
Affiliate,804,44.16666666666667,5.454545454545454,Mortgages,5.493366500829191,12.349914236706669,2022-12-05,Week,total
Direct,4987,251.66666666666669,135.45454545454544,Mortgages,5.046454114029817,53.82299819385887,2022-12-05,Week,total
Display,1,0,0,Mortgages,0,NA,2022-12-05,Week,total
Email,5,0,0,Mortgages,0,NA,2022-12-05,Week,total
Mobile App,0,0,0,Mortgages,NA,NA,2022-12-05,Week,total
Natural Search,6745,195.83333333333334,80.9090909090909,Mortgages,2.9033852236224313,41.315280464216706,2022-12-05,Week,total
Paid Search,2911,81.66666666666667,22.727272727272727,Mortgages,2.805450589717166,27.829313543599216,2022-12-05,Week,total
Referring Domains,175,13.333333333333334,6.363636363636363,Mortgages,7.6190476190476,47.72727272727282,2022-12-05,Week,total
Social Networks,53,0.8333333333333334,0,Mortgages,1.5723270440251564,0,2022-12-05,Week,total
::unspecified::,6,0,0,Mortgages,0,NA,2022-12-12,Week,total
Affiliate,486,20,0.9090909090909091,Mortgages,4.11522633744856,4.545454545454545,2022-12-12,Week,total
Direct,3206,183.33333333333334,88.18181818181817,Mortgages,5.718444583073393,48.099173553719105,2022-12-12,Week,total
Display,1,0,0,Mortgages,0,NA,2022-12-12,Week,total
Email,9,0,0,Mortgages,0,NA,2022-12-12,Week,total
Mobile App,0,0,0,Mortgages,NA,NA,2022-12-12,Week,total
Natural Search,4194,153.33333333333334,63.63636363636363,Mortgages,3.6560165315530044,41.50197628458505,2022-12-12,Week,total
Paid Search,2774,71.66666666666667,22.727272727272727,Mortgages,2.583513578466716,31.712473572938638,2022-12-12,Week,total
Referring Domains,138,6.666666666666667,2.727272727272727,Mortgages,4.830917874396137,40.909090909090935,2022-12-12,Week,total
Social Networks,8,0,0,Mortgages,0,NA,2022-12-12,Week,total
::unspecified::,3,0,0,Mortgages,0,NA,2022-12-19,Week,total
Affiliate,428,25.833333333333336,3.6363636363636362,Mortgages,6.035825545171332,14.076246334310882,2022-12-19,Week,total
Direct,2487,122.5,65.45454545454545,Mortgages,4.92561318858062,53.432282003710604,2022-12-19,Week,total
Display,0,0,0,Mortgages,NA,NA,2022-12-19,Week,total
Email,5,0,0,Mortgages,0,NA,2022-12-19,Week,total
Mobile App,0,0,0,Mortgages,NA,NA,2022-12-19,Week,total
Natural Search,3300,125.83333333333334,55.45454545454545,Mortgages,3.813131313131303,44.06983744732105,2022-12-19,Week,total
Paid Search,2653,68.33333333333334,20.909090909090907,Mortgages,2.5757004648825217,30.598669623059866,2022-12-19,Week,total
Referring Domains,146,6.666666666666667,1.8181818181818181,Mortgages,4.566210045662102,27.272727272727288,2022-12-19,Week,total
Social Networks,6,0,0,Mortgages,0,NA,2022-12-19,Week,total
::unspecified::,1,0,0,Mortgages,0,NA,2022-12-26,Week,total
Affiliate,208,4.166666666666667,0,Mortgages,2.00320512820513,0,2022-12-26,Week,total
Direct,1992,130.83333333333334,77.27272727272727,Mortgages,6.567938420348042,59.0619571511293,2022-12-26,Week,total
Display,0,0,0,Mortgages,NA,NA,2022-12-26,Week,total
Email,3,0,0,Mortgages,0,NA,2022-12-26,Week,total
Mobile App,0,0,0,Mortgages,NA,NA,2022-12-26,Week,total
Natural Search,2971,85,41.81818181818181,Mortgages,2.86098956580276,49.19786096256682,2022-12-26,Week,total
Paid Search,2753,75,21.818181818181817,Mortgages,2.7243007628042135,29.09090909090907,2022-12-26,Week,total
Referring Domains,140,2.5,1.8181818181818181,Mortgages,1.7857142857142856,72.72727272727279,2022-12-26,Week,total
Social Networks,5,0,0,Mortgages,0,NA,2022-12-26,Week,total
::unspecified::,2,1.6666666666666667,0,Mortgages,83.3333333333335,0,2023-01-02,Week,total
Affiliate,13,0.8333333333333334,0,Mortgages,6.410256410256408,0,2023-01-02,Week,total
Direct,3298,230,116.36363636363636,Mortgages,6.973923590054579,50.592885375493914,2023-01-02,Week,total
Display,0,0,0,Mortgages,NA,NA,2023-01-02,Week,total
Email,15,1.6666666666666667,0.9090909090909091,Mortgages,11.111111111111134,54.54545454545443,2023-01-02,Week,total
Mobile App,0,0,0,Mortgages,NA,NA,2023-01-02,Week,total
Natural Search,6069,251.66666666666669,110.9090909090909,Mortgages,4.146756741912457,44.06983744732087,2023-01-02,Week,total
Paid Search,1397,43.333333333333336,14.545454545454545,Mortgages,3.101884991648769,33.56643356643349,2023-01-02,Week,total
Referring Domains,178,15,7.2727272727272725,Mortgages,8.426966292134832,48.48484848484846,2023-01-02,Week,total
Social Networks,12,0,0,Mortgages,0,NA,2023-01-02,Week,total
::unspecified::,2,0,0,Mortgages,0,NA,2023-01-09,Week,total
Affiliate,0,0,0,Mortgages,NA,NA,2023-01-09,Week,total
Direct,3632,230.83333333333334,112.72727272727272,Mortgages,6.355543318649036,48.83491959304253,2023-01-09,Week,total
Display,0,0,0,Mortgages,NA,NA,2023-01-09,Week,total
Email,18,2.5,0,Mortgages,13.88888888888889,0,2023-01-09,Week,total
Mobile App,0,0,0,Mortgages,NA,NA,2023-01-09,Week,total
Natural Search,7497,300.83333333333337,125.45454545454544,Mortgages,4.012716197590143,41.70234197935019,2023-01-09,Week,total
Paid Search,915,42.5,13.636363636363635,Mortgages,4.644808743169399,32.08556149732612,2023-01-09,Week,total
Referring Domains,214,5,5.454545454545454,Mortgages,2.336448598130841,109.090909090909,2023-01-09,Week,total
Social Networks,6,0,0,Mortgages,0,NA,2023-01-09,Week,total
::unspecified::,2,0.8333333333333334,0.9090909090909091,Mortgages,41.66666666666665,109.09090909090911,2023-01-16,Week,total
Affiliate,6,0,0,Mortgages,0,NA,2023-01-16,Week,total
Direct,3673,200,123.63636363636363,Mortgages,5.445140212360468,61.818181818182,2023-01-16,Week,total
Display,1,0,0,Mortgages,0,NA,2023-01-16,Week,total
Email,50,20.833333333333336,3.6363636363636362,Mortgages,41.6666666666666,17.454545454545496,2023-01-16,Week,total
Mobile App,0,0,0,Mortgages,NA,NA,2023-01-16,Week,total
Natural Search,7247,268.33333333333337,114.54545454545453,Mortgages,3.702681569385028,42.687747035573345,2023-01-16,Week,total
Paid Search,524,15.833333333333334,9.09090909090909,Mortgages,3.021628498727729,57.41626794258384,2023-01-16,Week,total
Referring Domains,214,10.833333333333334,3.6363636363636362,Mortgages,5.06230529595014,33.5664335664337,2023-01-16,Week,total
Social Networks,11,0,0,Mortgages,0,NA,2023-01-16,Week,total
::unspecified::,2,0,0,Mortgages,0,NA,2023-01-23,Week,total
Affiliate,2,0,0,Mortgages,0,NA,2023-01-23,Week,total
Direct,3159,237.5,128.18181818181816,Mortgages,7.518201962646407,53.97129186602862,2023-01-23,Week,total
Display,0,0,0,Mortgages,NA,NA,2023-01-23,Week,total
Email,13,2.5,0,Mortgages,19.230769230769234,0,2023-01-23,Week,total
Mobile App,0,0,0,Mortgages,NA,NA,2023-01-23,Week,total
Natural Search,6363,243.33333333333334,116.36363636363636,Mortgages,3.8241919430038194,47.820672478206646,2023-01-23,Week,total
Paid Search,496,15,7.2727272727272725,Mortgages,3.024193548387097,48.48484848484846,2023-01-23,Week,total
Referring Domains,257,11.666666666666668,3.6363636363636362,Mortgages,4.539559014267199,31.168831168831108,2023-01-23,Week,total
Social Networks,4,0,0,Mortgages,0,NA,2023-01-23,Week,total
::unspecified::,1,0,0,Mortgages,0,NA,2023-01-30,Week,total
Affiliate,1,0,0,Mortgages,0,NA,2023-01-30,Week,total
Direct,4154,270,163.63636363636363,Mortgages,6.499759268175252,60.606060606060744,2023-01-30,Week,total
Display,0,0,0,Mortgages,NA,NA,2023-01-30,Week,total
Email,62,25.833333333333336,10.909090909090908,Mortgages,41.666666666666615,42.22873900293257,2023-01-30,Week,total
Mobile App,0,0,0,Mortgages,NA,NA,2023-01-30,Week,total
Natural Search,7834,282.5,120.90909090909089,Mortgages,3.606076078631606,42.79967819790832,2023-01-30,Week,total
Paid Search,983,23.333333333333336,10.909090909090908,Mortgages,2.373685995252625,46.75324675324678,2023-01-30,Week,total
Referring Domains,232,20.833333333333336,5.454545454545454,Mortgages,8.97988505747125,26.1818181818182,2023-01-30,Week,total
Social Networks,1,0,0,Mortgages,0,NA,2023-01-30,Week,total
::unspecified::,6,0.8333333333333334,0,Mortgages,13.888888888888884,0,2023-02-06,Week,total
Affiliate,2,0.8333333333333334,0,Mortgages,41.66666666666665,0,2023-02-06,Week,total
Direct,5443,276.6666666666667,134.54545454545453,Mortgages,5.082981199093644,48.63088718510415,2023-02-06,Week,total
Display,2,0,0,Mortgages,0,NA,2023-02-06,Week,total
Email,17,13.333333333333334,4.545454545454545,Mortgages,78.43137254901941,34.090909090909136,2023-02-06,Week,total
Mobile App,0,0,0,Mortgages,NA,NA,2023-02-06,Week,total
Natural Search,9985,305.83333333333337,141.8181818181818,Mortgages,3.062927724920711,46.37106762447374,2023-02-06,Week,total
Paid Search,2177,60,20,Mortgages,2.7560863573725314,33.33333333333333,2023-02-06,Week,total
Referring Domains,314,7.5,7.2727272727272725,Mortgages,2.388535031847134,96.96969696969693,2023-02-06,Week,total
Social Networks,45,0,0,Mortgages,0,NA,2023-02-06,Week,total
::unspecified::,4,0.8333333333333334,0,Mortgages,20.833333333333325,0,2023-02-13,Week,total
Affiliate,0,0,0,Mortgages,NA,NA,2023-02-13,Week,total
Direct,4845,205,103.63636363636363,Mortgages,4.231166150670795,50.5543237250556,2023-02-13,Week,total
Display,2,0,0,Mortgages,0,NA,2023-02-13,Week,total
Email,21,4.166666666666667,3.6363636363636362,Mortgages,19.841269841269852,87.2727272727273,2023-02-13,Week,total
Mobile App,18,67.5,36.36363636363636,Mortgages,375,53.872053872053925,2023-02-13,Week,total
Natural Search,7776,221.66666666666669,92.72727272727272,Mortgages,2.8506515775034336,41.83185235816808,2023-02-13,Week,total
Paid Search,2801,71.66666666666667,21.818181818181817,Mortgages,2.558610020230871,30.4439746300211,2023-02-13,Week,total
Referring Domains,263,12.5,4.545454545454545,Mortgages,4.752851711026616,36.36363636363632,2023-02-13,Week,total
Social Networks,30,1.6666666666666667,0,Mortgages,5.555555555555567,0,2023-02-13,Week,total
::unspecified::,4,0.8333333333333334,0.9090909090909091,Mortgages,20.833333333333325,109.09090909090911,2023-02-20,Week,total
Affiliate,1,0,0,Mortgages,0,NA,2023-02-20,Week,total
Direct,4375,152.5,89.99999999999999,Mortgages,3.4857142857142858,59.01639344262295,2023-02-20,Week,total
Display,2,0,0,Mortgages,0,NA,2023-02-20,Week,total
Email,19,0.8333333333333334,0,Mortgages,4.3859649122807,0,2023-02-20,Week,total
Mobile App,6,41.66666666666667,19.09090909090909,Mortgages,694.444444444445,45.8181818181818,2023-02-20,Week,total
Natural Search,7796,275.83333333333337,119.09090909090908,Mortgages,3.5381392166923162,43.17495193628126,2023-02-20,Week,total
Paid Search,2422,97.5,29.999999999999996,Mortgages,4.02559867877787,30.76923076923077,2023-02-20,Week,total
Referring Domains,252,10.833333333333334,7.2727272727272725,Mortgages,4.298941798941786,67.13286713286732,2023-02-20,Week,total
Social Networks,30,0,0,Mortgages,0,NA,2023-02-20,Week,total
::unspecified::,7,0,0,Mortgages,0,NA,2023-02-27,Week,total
Affiliate,1,0,0,Mortgages,0,NA,2023-02-27,Week,total
Direct,4441,207.5,109.99999999999999,Mortgages,4.672371087592884,53.01204819277109,2023-02-27,Week,total
Display,1,0,0,Mortgages,0,NA,2023-02-27,Week,total
Email,23,11.666666666666668,0.9090909090909091,Mortgages,50.72463768115957,7.792207792207768,2023-02-27,Week,total
Mobile App,11,48.333333333333336,26.36363636363636,Mortgages,439.3939393939391,54.54545454545465,2023-02-27,Week,total
Natural Search,7758,277.5,119.99999999999999,Mortgages,3.5769528228924976,43.24324324324324,2023-02-27,Week,total
Paid Search,2810,108.33333333333334,35.45454545454545,Mortgages,3.855278766310783,32.72727272727287,2023-02-27,Week,total
Referring Domains,287,9.166666666666668,2.727272727272727,Mortgages,3.1939605110336826,29.7520661157025,2023-02-27,Week,total
Social Networks,66,1.6666666666666667,0,Mortgages,2.5252525252525304,0,2023-02-27,Week,total
::unspecified::,8,0,0,Mortgages,0,NA,2023-03-06,Week,total
Affiliate,1,0,0,Mortgages,0,NA,2023-03-06,Week,total
Direct,4741,248.33333333333334,114.54545454545453,Mortgages,5.237994797159523,46.12568639414302,2023-03-06,Week,total
Display,2,0,0,Mortgages,0,NA,2023-03-06,Week,total
Email,19,5,1.8181818181818181,Mortgages,26.31578947368421,36.363636363636395,2023-03-06,Week,total
Mobile App,20,69.16666666666667,38.18181818181818,Mortgages,345.8333333333335,55.202628696604606,2023-03-06,Week,total
Natural Search,7877,235.83333333333334,104.54545454545453,Mortgages,2.9939486268037703,44.33022807581138,2023-03-06,Week,total
Paid Search,3743,110,39.090909090909086,Mortgages,2.9388191290408763,35.537190082644635,2023-03-06,Week,total
Referring Domains,278,9.166666666666668,6.363636363636363,Mortgages,3.2973621103117514,69.42148760330572,2023-03-06,Week,total
Social Networks,86,0,0,Mortgages,0,NA,2023-03-06,Week,total
::unspecified::,3,0,0,Mortgages,0,NA,2023-03-13,Week,total
Affiliate,1,0,0,Mortgages,0,NA,2023-03-13,Week,total
Direct,4285,135,88.18181818181817,Mortgages,3.150525087514586,65.31986531986533,2023-03-13,Week,total
Display,0,0,0,Mortgages,NA,NA,2023-03-13,Week,total
Email,15,0.8333333333333334,0.9090909090909091,Mortgages,5.555555555555554,109.09090909090911,2023-03-13,Week,total
Mobile App,5,54.16666666666667,29.999999999999996,Mortgages,1083.333333333334,55.38461538461535,2023-03-13,Week,total
Natural Search,6131,177.5,87.27272727272727,Mortgages,2.895123144674604,49.167733674775945,2023-03-13,Week,total
Paid Search,3360,102.5,40,Mortgages,3.050595238095238,39.02439024390244,2023-03-13,Week,total
Referring Domains,212,11.666666666666668,5.454545454545454,Mortgages,5.503144654088066,46.75324675324658,2023-03-13,Week,total
Social Networks,83,0,0,Mortgages,0,NA,2023-03-13,Week,total
::unspecified::,6,0.8333333333333334,0.9090909090909091,Mortgages,13.888888888888884,109.09090909090911,2023-03-20,Week,total
Affiliate,0,0,0,Mortgages,NA,NA,2023-03-20,Week,total
Direct,4044,175.83333333333334,78.18181818181817,Mortgages,4.3480052753049705,44.46359327875925,2023-03-20,Week,total
Display,0,0,0,Mortgages,NA,NA,2023-03-20,Week,total
Email,38,11.666666666666668,1.8181818181818181,Mortgages,30.701754385965003,15.584415584415554,2023-03-20,Week,total
Mobile App,11,50.833333333333336,19.09090909090909,Mortgages,462.12121212121184,37.55588673621465,2023-03-20,Week,total
Natural Search,6078,205.83333333333334,82.72727272727272,Mortgages,3.386530657014363,40.19138755980867,2023-03-20,Week,total
Paid Search,3037,116.66666666666667,38.18181818181818,Mortgages,3.841510262320283,32.72727272727265,2023-03-20,Week,total
Referring Domains,250,14.166666666666668,4.545454545454545,Mortgages,5.66666666666668,32.08556149732609,2023-03-20,Week,total
Social Networks,90,0,0,Mortgages,0,NA,2023-03-20,Week,total
::unspecified::,7,0,0,Mortgages,0,NA,2023-03-27,Week,total
Affiliate,61,2.5,0,Mortgages,4.098360655737705,0,2023-03-27,Week,total
Direct,4050,197.5,109.99999999999999,Mortgages,4.876543209876543,55.69620253164557,2023-03-27,Week,total
Display,1,0,0,Mortgages,0,NA,2023-03-27,Week,total
Email,38,8.333333333333334,0.9090909090909091,Mortgages,21.929824561403503,10.909090909090912,2023-03-27,Week,total
Mobile App,15,61.66666666666667,38.18181818181818,Mortgages,411.1111111111113,61.91646191646192,2023-03-27,Week,total
Natural Search,6190,212.5,86.36363636363636,Mortgages,3.4329563812600967,40.641711229946544,2023-03-27,Week,total
Paid Search,4217,174.16666666666669,70,Mortgages,4.130108291834646,40.19138755980853,2023-03-27,Week,total
Referring Domains,238,9.166666666666668,4.545454545454545,Mortgages,3.8515406162465,49.58677685950405,2023-03-27,Week,total
Social Networks,60,0,0,Mortgages,0,NA,2023-03-27,Week,total
::unspecified::,13,0.8333333333333334,0,Mortgages,6.410256410256408,0,2023-04-03,Week,total
Affiliate,9,1.6666666666666667,0,Mortgages,18.518518518518555,0,2023-04-03,Week,total
Direct,3425,152.5,78.18181818181817,Mortgages,4.452554744525548,51.266766020864395,2023-04-03,Week,total
Display,0,0,0,Mortgages,NA,NA,2023-04-03,Week,total
Email,49,9.166666666666668,4.545454545454545,Mortgages,18.707482993197285,49.58677685950405,2023-04-03,Week,total
Mobile App,1,66.66666666666667,29.999999999999996,Mortgages,6666.66666666667,44.99999999999998,2023-04-03,Week,total
Natural Search,5943,181.66666666666669,84.54545454545453,Mortgages,3.056817544450059,46.53878231859873,2023-04-03,Week,total
Paid Search,3293,115.83333333333334,34.54545454545454,Mortgages,3.517562506326541,29.82341399607591,2023-04-03,Week,total
Referring Domains,225,10.833333333333334,5.454545454545454,Mortgages,4.814814814814801,50.34965034965045,2023-04-03,Week,total
Social Networks,63,1.6666666666666667,0,Mortgages,2.645502645502651,0,2023-04-03,Week,total
::unspecified::,4,0,0,Mortgages,0,NA,2023-04-10,Week,total
Affiliate,7,0,0,Mortgages,0,NA,2023-04-10,Week,total
Direct,3536,221.66666666666669,122.72727272727272,Mortgages,6.268853695324293,55.36568694463435,2023-04-10,Week,total
Display,1,0,0,Mortgages,0,NA,2023-04-10,Week,total
Email,17,5,1.8181818181818181,Mortgages,29.411764705882355,36.363636363636395,2023-04-10,Week,total
Mobile App,14,81.66666666666667,40.90909090909091,Mortgages,583.3333333333336,50.09276437847863,2023-04-10,Week,total
Natural Search,5907,236.66666666666669,99.09090909090908,Mortgages,4.006545905987252,41.869398207426315,2023-04-10,Week,total
Paid Search,3254,129.16666666666669,35.45454545454545,Mortgages,3.969473468551536,27.448680351906123,2023-04-10,Week,total
Referring Domains,244,15.833333333333334,6.363636363636363,Mortgages,6.489071038251352,40.191387559808675,2023-04-10,Week,total
Social Networks,62,0,0,Mortgages,0,NA,2023-04-10,Week,total
::unspecified::,19,0.8333333333333334,0,Mortgages,4.3859649122807,0,2023-04-17,Week,total
Affiliate,2,0,0,Mortgages,0,NA,2023-04-17,Week,total
Direct,3849,251.66666666666669,96.36363636363636,Mortgages,6.5384948471464535,38.29018663455746,2023-04-17,Week,total
Display,2,0,0,Mortgages,0,NA,2023-04-17,Week,total
Email,164,20,6.363636363636363,Mortgages,12.195121951219512,31.818181818181802,2023-04-17,Week,total
Mobile App,2,70,40,Mortgages,3500,57.14285714285714,2023-04-17,Week,total
Natural Search,6057,238.33333333333334,102.72727272727272,Mortgages,3.9348412305321614,43.10235219326146,2023-04-17,Week,total
Paid Search,4313,151.66666666666669,35.45454545454545,Mortgages,3.516500502357222,23.376623376623357,2023-04-17,Week,total
Referring Domains,260,20,7.2727272727272725,Mortgages,7.6923076923076925,36.363636363636346,2023-04-17,Week,total
Social Networks,10,0.8333333333333334,0,Mortgages,8.33333333333333,0,2023-04-17,Week,total
::unspecified::,6,0,0,Mortgages,0,NA,2023-04-24,Week,total
Affiliate,1,0,0,Mortgages,0,NA,2023-04-24,Week,total
Direct,3469,266.6666666666667,138.18181818181816,Mortgages,7.687133660036524,51.81818181818167,2023-04-24,Week,total
Display,1,0,0,Mortgages,0,NA,2023-04-24,Week,total
Email,48,1.6666666666666667,0.9090909090909091,Mortgages,3.4722222222222294,54.54545454545443,2023-04-24,Week,total
Mobile App,8,50,24.545454545454543,Mortgages,625,49.090909090909,2023-04-24,Week,total
Natural Search,5649,283.33333333333337,128.18181818181816,Mortgages,5.015636985897203,45.240641711229934,2023-04-24,Week,total
Paid Search,3602,118.33333333333334,43.63636363636363,Mortgages,3.285211919304081,36.875800256082016,2023-04-24,Week,total
Referring Domains,264,11.666666666666668,3.6363636363636362,Mortgages,4.419191919191932,31.168831168831108,2023-04-24,Week,total
Social Networks,7,0,0,Mortgages,0,NA,2023-04-24,Week,total
::unspecified::,6,0,0,Mortgages,0,NA,2023-05-01,Week,total
Affiliate,4,0,0,Mortgages,0,NA,2023-05-01,Week,total
Direct,4624,275,114.54545454545453,Mortgages,5.947231833910035,41.652892561983634,2023-05-01,Week,total
Display,5,0,0,Mortgages,0,NA,2023-05-01,Week,total
Email,48,13.333333333333334,4.545454545454545,Mortgages,27.777777777777708,34.090909090909136,2023-05-01,Week,total
Mobile App,6,75.83333333333334,30.909090909090907,Mortgages,1263.8888888888885,40.75924075924077,2023-05-01,Week,total
Natural Search,7679,275,119.99999999999999,Mortgages,3.5811954681599167,43.63636363636363,2023-05-01,Week,total
Paid Search,4683,138.33333333333334,42.72727272727273,Mortgages,2.9539469001352336,30.887185104052627,2023-05-01,Week,total
Referring Domains,257,14.166666666666668,7.2727272727272725,Mortgages,5.512321660181596,51.33689839572179,2023-05-01,Week,total
Social Networks,27,0,0,Mortgages,0,NA,2023-05-01,Week,total
::unspecified::,15,0.8333333333333334,0,Mortgages,5.555555555555554,0,2023-05-08,Week,total
Affiliate,2,0,0,Mortgages,0,NA,2023-05-08,Week,total
Direct,3901,184.16666666666669,88.18181818181817,Mortgages,4.721011706400077,47.881530234471334,2023-05-08,Week,total
Display,2,0,0,Mortgages,0,NA,2023-05-08,Week,total
Email,27,0.8333333333333334,0.9090909090909091,Mortgages,3.0864197530864184,109.09090909090911,2023-05-08,Week,total
Mobile App,14,45,24.545454545454543,Mortgages,321.42857142857144,54.54545454545444,2023-05-08,Week,total
Natural Search,6150,208.33333333333334,89.99999999999999,Mortgages,3.387533875338748,43.20000000000007,2023-05-08,Week,total
Paid Search,3681,100,34.54545454545454,Mortgages,2.7166530834012494,34.5454545454545,2023-05-08,Week,total
Referring Domains,190,5,3.6363636363636362,Mortgages,2.631578947368421,72.72727272727279,2023-05-08,Week,total
Social Networks,6,1.6666666666666667,0.9090909090909091,Mortgages,27.777777777777835,54.54545454545443,2023-05-08,Week,total
::unspecified::,7,0.8333333333333334,0,Mortgages,11.9047619047619,0,2023-05-15,Week,total
Affiliate,2,0,0,Mortgages,0,NA,2023-05-15,Week,total
Direct,4215,190.83333333333334,92.72727272727272,Mortgages,4.527481217872669,48.5907105994443,2023-05-15,Week,total
Display,2,0,0,Mortgages,0,NA,2023-05-15,Week,total
Email,59,21.666666666666668,4.545454545454545,Mortgages,36.72316384180797,20.97902097902092,2023-05-15,Week,total
Mobile App,22,68.33333333333334,27.27272727272727,Mortgages,310.60606060606045,39.91130820399118,2023-05-15,Week,total
Natural Search,7190,258.33333333333337,82.72727272727272,Mortgages,3.5929531757069957,32.02346041055722,2023-05-15,Week,total
Paid Search,2987,112.5,35.45454545454545,Mortgages,3.7663207231335787,31.515151515151558,2023-05-15,Week,total
Referring Domains,195,11.666666666666668,6.363636363636363,Mortgages,5.982905982906,54.545454545454355,2023-05-15,Week,total
Social Networks,4,0,0,Mortgages,0,NA,2023-05-15,Week,total
::unspecified::,7,0.8333333333333334,0,Mortgages,11.9047619047619,0,2023-05-22,Week,total
Affiliate,4,0,0,Mortgages,0,NA,2023-05-22,Week,total
Direct,3848,159.16666666666669,71.81818181818181,Mortgages,4.136347886347895,45.12137077582093,2023-05-22,Week,total
Display,2,0,0,Mortgages,0,NA,2023-05-22,Week,total
Email,23,4.166666666666667,1.8181818181818181,Mortgages,18.115942028985522,43.63636363636365,2023-05-22,Week,total
Mobile App,9,57.5,27.27272727272727,Mortgages,638.8888888888889,47.43083003952574,2023-05-22,Week,total
Natural Search,5899,220.83333333333334,98.18181818181817,Mortgages,3.7435723568966432,44.459691252144154,2023-05-22,Week,total
Paid Search,4403,219.16666666666669,51.81818181818181,Mortgages,4.977666742372632,23.643276875215992,2023-05-22,Week,total
Referring Domains,187,4.166666666666667,6.363636363636363,Mortgages,2.228163992869877,152.72727272727252,2023-05-22,Week,total
Social Networks,4,0,0,Mortgages,0,NA,2023-05-22,Week,total
::unspecified::,24,0,0,Mortgages,0,NA,2023-05-29,Week,total
Affiliate,2,0,0,Mortgages,0,NA,2023-05-29,Week,total
Direct,4591,157.5,75.45454545454545,Mortgages,3.430625136135918,47.907647907647934,2023-05-29,Week,total
Display,0,0,0,Mortgages,NA,NA,2023-05-29,Week,total
Email,25,1.6666666666666667,1.8181818181818181,Mortgages,6.66666666666668,109.09090909090897,2023-05-29,Week,total
Mobile App,27,59.16666666666667,23.636363636363633,Mortgages,219.13580246913594,39.94878361075536,2023-05-29,Week,total
Natural Search,5850,197.5,82.72727272727272,Mortgages,3.376068376068376,41.88722669735327,2023-05-29,Week,total
Paid Search,3838,169.16666666666669,46.36363636363636,Mortgages,4.4076776098662585,27.40707568293772,2023-05-29,Week,total
Referring Domains,902,5,3.6363636363636362,Mortgages,0.5543237250554324,72.72727272727279,2023-05-29,Week,total
Social Networks,4,0,0,Mortgages,0,NA,2023-05-29,Week,total
::unspecified::,21,1.6666666666666667,0.9090909090909091,Mortgages,7.936507936507953,54.54545454545443,2023-06-05,Week,total
Affiliate,1,0,0,Mortgages,0,NA,2023-06-05,Week,total
Direct,5579,117.5,57.272727272727266,Mortgages,2.106112206488618,48.74274661508707,2023-06-05,Week,total
Display,0,0,0,Mortgages,NA,NA,2023-06-05,Week,total
Email,16,12.5,0.9090909090909091,Mortgages,78.125,7.272727272727271,2023-06-05,Week,total
Mobile App,33,57.5,32.72727272727273,Mortgages,174.24242424242425,56.91699604743078,2023-06-05,Week,total
Natural Search,7090,210,70.9090909090909,Mortgages,2.9619181946403383,33.76623376623377,2023-06-05,Week,total
Paid Search,4515,175.83333333333334,36.36363636363636,Mortgages,3.894425987449236,20.680741059888042,2023-06-05,Week,total
Referring Domains,824,3.3333333333333335,2.727272727272727,Mortgages,0.4045307443365692,81.81818181818198,2023-06-05,Week,total
Social Networks,28,1.6666666666666667,0.9090909090909091,Mortgages,5.952380952380965,54.54545454545443,2023-06-05,Week,total
::unspecified::,17,0,0,Mortgages,0,NA,2023-06-12,Week,total
Affiliate,3,0,0,Mortgages,0,NA,2023-06-12,Week,total
Direct,4783,138.33333333333334,78.18181818181817,Mortgages,2.892187608892599,56.51697699890485,2023-06-12,Week,total
Display,3,0,0,Mortgages,0,NA,2023-06-12,Week,total
Email,19,0,0,Mortgages,0,NA,2023-06-12,Week,total
Mobile App,37,57.5,29.09090909090909,Mortgages,155.4054054054054,50.59288537549409,2023-06-12,Week,total
Natural Search,5847,245,65.45454545454545,Mortgages,4.190182999828973,26.716141001855302,2023-06-12,Week,total
Paid Search,3813,145,26.36363636363636,Mortgages,3.8027799632835038,18.18181818181821,2023-06-12,Week,total
Referring Domains,839,4.166666666666667,1.8181818181818181,Mortgages,0.4966229638458486,43.63636363636365,2023-06-12,Week,total
Social Networks,15,0,0,Mortgages,0,NA,2023-06-12,Week,total
::unspecified::,24,0.8333333333333334,0,Mortgages,3.472222222222221,0,2023-06-19,Week,total
Affiliate,11,0,0,Mortgages,0,NA,2023-06-19,Week,total
Direct,4658,143.33333333333334,64.54545454545455,Mortgages,3.077143266065543,45.031712473573016,2023-06-19,Week,total
Display,0,0,0,Mortgages,NA,NA,2023-06-19,Week,total
Email,52,37.5,4.545454545454545,Mortgages,72.11538461538461,12.121212121212107,2023-06-19,Week,total
Mobile App,23,38.333333333333336,20.909090909090907,Mortgages,166.66666666666652,54.54545454545456,2023-06-19,Week,total
Natural Search,5778,265.83333333333337,75.45454545454545,Mortgages,4.600784585208255,28.384155029923107,2023-06-19,Week,total
Paid Search,3963,155,30.909090909090907,Mortgages,3.9111784002018672,19.94134897360703,2023-06-19,Week,total
Referring Domains,747,13.333333333333334,3.6363636363636362,Mortgages,1.7849174475680456,27.272727272727366,2023-06-19,Week,total
Social Networks,7,0.8333333333333334,0,Mortgages,11.9047619047619,0,2023-06-19,Week,total
::unspecified::,15,1.6666666666666667,0,Mortgages,11.111111111111134,0,2023-06-26,Week,total
Affiliate,5,0,0,Mortgages,0,NA,2023-06-26,Week,total
Direct,4391,112.5,55.45454545454545,Mortgages,2.5620587565474833,49.29292929292934,2023-06-26,Week,total
Display,3,0,0,Mortgages,0,NA,2023-06-26,Week,total
Email,11,0.8333333333333334,0,Mortgages,7.5757575757575735,0,2023-06-26,Week,total
Mobile App,11,42.5,19.09090909090909,Mortgages,386.3636363636364,44.91978609625671,2023-06-26,Week,total
Natural Search,5394,245.83333333333334,63.63636363636363,Mortgages,4.55753306142627,25.88597842835133,2023-06-26,Week,total
Paid Search,4577,182.5,34.54545454545454,Mortgages,3.987327944068167,18.929016189290135,2023-06-26,Week,total
Referring Domains,829,12.5,2.727272727272727,Mortgages,1.5078407720144753,21.81818181818184,2023-06-26,Week,total
Social Networks,13,0,0,Mortgages,0,NA,2023-06-26,Week,total
::unspecified::,11,0,0,Mortgages,0,NA,2023-07-03,Week,total
Affiliate,4,0,0,Mortgages,0,NA,2023-07-03,Week,total
Direct,4138,129.16666666666669,59.090909090909086,Mortgages,3.1214757531818993,45.74780058651016,2023-07-03,Week,total
Display,5,0,0,Mortgages,0,NA,2023-07-03,Week,total
Email,4,3.3333333333333335,0,Mortgages,83.33333333333324,0,2023-07-03,Week,total
Mobile App,29,50.833333333333336,18.18181818181818,Mortgages,175.28735632183896,35.7675111773473,2023-07-03,Week,total
Natural Search,4768,229.16666666666669,50.90909090909091,Mortgages,4.806347874720364,22.214876033057816,2023-07-03,Week,total
Paid Search,4598,177.5,26.36363636363636,Mortgages,3.86037407568508,14.852752880921916,2023-07-03,Week,total
Referring Domains,728,3.3333333333333335,0,Mortgages,0.45787545787545736,0,2023-07-03,Week,total
Social Networks,11,0,0,Mortgages,0,NA,2023-07-03,Week,total
::unspecified::,14,0,0,Mortgages,0,NA,2023-07-10,Week,total
Affiliate,10,0,0,Mortgages,0,NA,2023-07-10,Week,total
Direct,3704,114.16666666666667,55.45454545454545,Mortgages,3.0822534197264306,48.573324485733146,2023-07-10,Week,total
Display,8,0,0,Mortgages,0,NA,2023-07-10,Week,total
Email,22,1.6666666666666667,0.9090909090909091,Mortgages,7.575757575757591,54.54545454545443,2023-07-10,Week,total
Mobile App,32,46.66666666666667,17.27272727272727,Mortgages,145.83333333333343,37.01298701298704,2023-07-10,Week,total
Natural Search,4371,155,52.72727272727272,Mortgages,3.546099290780142,34.01759530791787,2023-07-10,Week,total
Paid Search,3889,180.83333333333334,26.36363636363636,Mortgages,4.649867146652944,14.578969417679142,2023-07-10,Week,total
Referring Domains,796,4.166666666666667,1.8181818181818181,Mortgages,0.523450586264657,43.63636363636365,2023-07-10,Week,total
Social Networks,7,0,0,Mortgages,0,NA,2023-07-10,Week,total
::unspecified::,20,0,0,Mortgages,0,NA,2023-07-17,Week,total
Affiliate,15,0,0,Mortgages,0,NA,2023-07-17,Week,total
Direct,3686,101.66666666666667,46.36363636363636,Mortgages,2.7581841200940587,45.60357675111762,2023-07-17,Week,total
Display,8,0,0,Mortgages,0,NA,2023-07-17,Week,total
Email,124,59.16666666666667,8.181818181818182,Mortgages,47.715053763440885,13.828425096030719,2023-07-17,Week,total
Mobile App,24,55.833333333333336,19.09090909090909,Mortgages,232.63888888888874,34.19267299864319,2023-07-17,Week,total
Natural Search,4191,219.16666666666669,52.72727272727272,Mortgages,5.22945995386941,24.05807120636013,2023-07-17,Week,total
Paid Search,3901,200.83333333333334,40.90909090909091,Mortgages,5.148252584807306,20.369671821954007,2023-07-17,Week,total
Referring Domains,771,10,3.6363636363636362,Mortgages,1.297016861219196,36.363636363636395,2023-07-17,Week,total
Social Networks,0,0,0,Mortgages,NA,NA,2023-07-17,Week,total
::unspecified::,22,0.8333333333333334,0,Mortgages,3.7878787878787867,0,2023-07-24,Week,total
Affiliate,9,0,0,Mortgages,0,NA,2023-07-24,Week,total
Direct,3538,117.5,39.090909090909086,Mortgages,3.3210853589598646,33.26885880077371,2023-07-24,Week,total
Display,5,0,0,Mortgages,0,NA,2023-07-24,Week,total
Email,17,16.666666666666668,2.727272727272727,Mortgages,98.0392156862747,16.36363636363635,2023-07-24,Week,total
Mobile App,32,49.16666666666667,21.818181818181817,Mortgages,153.64583333333343,44.375963020030746,2023-07-24,Week,total
Natural Search,3910,196.66666666666669,58.18181818181818,Mortgages,5.029838022165396,29.58397534668717,2023-07-24,Week,total
Paid Search,4241,184.16666666666669,36.36363636363636,Mortgages,4.342529277686088,19.744960921431495,2023-07-24,Week,total
Referring Domains,835,19.166666666666668,4.545454545454545,Mortgages,2.295409181636731,23.715415019762776,2023-07-24,Week,total
Social Networks,2,0,0,Mortgages,0,NA,2023-07-24,Week,total
::unspecified::,1,0,0,Mortgages,0,NA,2023-07-31,Week,total
Affiliate,3,0,0,Mortgages,0,NA,2023-07-31,Week,total
Direct,232,11.666666666666668,4.545454545454545,Mortgages,5.028735632183922,38.9610389610388,2023-07-31,Week,total
Display,0,0,0,Mortgages,NA,NA,2023-07-31,Week,total
Email,0,0.8333333333333334,0,Mortgages,Inf,0,2023-07-31,Week,total
Mobile App,-1,2.5,0,Mortgages,-250,0,2023-07-31,Week,total
Natural Search,298,15,8.181818181818182,Mortgages,5.033557046979865,54.54545454545453,2023-07-31,Week,total
Paid Search,338,20.833333333333336,4.545454545454545,Mortgages,6.163708086784999,21.818181818181827,2023-07-31,Week,total
Referring Domains,30,0,0,Mortgages,0,NA,2023-07-31,Week,total
Social Networks,0,0,0,Mortgages,NA,NA,2023-07-31,Week,total
::unspecified::,16,0.8333333333333334,0,Mortgages,5.208333333333331,0,2022-08-01,Month,total
Affiliate,18,0.8333333333333334,0,Mortgages,4.629629629629628,0,2022-08-01,Month,total
Direct,19301,983.3333333333334,485.45454545454544,Mortgages,5.094727388909035,49.368258859784255,2022-08-01,Month,total
Display,1,0,0,Mortgages,0,NA,2022-08-01,Month,total
Email,69,1.6666666666666667,0.9090909090909091,Mortgages,2.4154589371980726,54.54545454545443,2022-08-01,Month,total
Mobile App,0,0,0,Mortgages,NA,NA,2022-08-01,Month,total
Natural Search,23790,765,375.45454545454544,Mortgages,3.215636822194199,49.079025549613725,2022-08-01,Month,total
Paid Search,9423,324.1666666666667,119.99999999999999,Mortgages,3.440164137394323,37.017994858611786,2022-08-01,Month,total
Referring Domains,695,18.333333333333336,10.909090909090908,Mortgages,2.637889688249396,59.504132231405016,2022-08-01,Month,total
Social Networks,66,0.8333333333333334,0.9090909090909091,Mortgages,1.2626262626262623,109.09090909090911,2022-08-01,Month,total
::unspecified::,20,0.8333333333333334,0,Mortgages,4.166666666666665,0,2022-09-01,Month,total
Affiliate,522,19.166666666666668,3.6363636363636362,Mortgages,3.6717752234993677,18.972332015810263,2022-09-01,Month,total
Direct,21465,938.3333333333334,491.81818181818176,Mortgages,4.371457411289695,52.414015824317815,2022-09-01,Month,total
Display,1,0,0,Mortgages,0,NA,2022-09-01,Month,total
Email,40,2.5,0,Mortgages,6.25,0,2022-09-01,Month,total
Mobile App,0,0,0,Mortgages,NA,NA,2022-09-01,Month,total
Natural Search,26661,808.3333333333334,386.3636363636363,Mortgages,3.031894277533975,47.79756326148076,2022-09-01,Month,total
Paid Search,9614,351.6666666666667,119.09090909090908,Mortgages,3.6578600651827236,33.864713485566504,2022-09-01,Month,total
Referring Domains,839,15.833333333333334,12.727272727272727,Mortgages,1.8871672626142193,80.38277511961722,2022-09-01,Month,total
Social Networks,177,7.5,1.8181818181818181,Mortgages,4.23728813559322,24.242424242424264,2022-09-01,Month,total
::unspecified::,75,1.6666666666666667,1.8181818181818181,Mortgages,2.2222222222222268,109.09090909090897,2022-10-01,Month,total
Affiliate,781,32.5,6.363636363636363,Mortgages,4.161331626120359,19.58041958041957,2022-10-01,Month,total
Direct,21040,973.3333333333334,510.9090909090909,Mortgages,4.626108998732572,52.490660024906624,2022-10-01,Month,total
Display,6,0,0,Mortgages,0,NA,2022-10-01,Month,total
Email,121,5,0.9090909090909091,Mortgages,4.132231404958678,18.18181818181818,2022-10-01,Month,total
Mobile App,0,0,0,Mortgages,NA,NA,2022-10-01,Month,total
Natural Search,27943,950,429.09090909090907,Mortgages,3.399778119743764,45.167464114832526,2022-10-01,Month,total
Paid Search,10291,301.6666666666667,97.27272727272727,Mortgages,2.9313639749943348,32.24510296333498,2022-10-01,Month,total
Referring Domains,1121,27.5,11.818181818181817,Mortgages,2.4531668153434434,42.97520661157018,2022-10-01,Month,total
Social Networks,125,2.5,0,Mortgages,2,0,2022-10-01,Month,total
::unspecified::,18,0,0,Mortgages,0,NA,2022-11-01,Month,total
Affiliate,1025,40,13.636363636363635,Mortgages,3.902439024390244,34.090909090909,2022-11-01,Month,total
Direct,22000,1003.3333333333334,464.5454545454545,Mortgages,4.5606060606060455,46.30021141649069,2022-11-01,Month,total
Display,3,0,0,Mortgages,0,NA,2022-11-01,Month,total
Email,88,2.5,0,Mortgages,2.840909090909091,0,2022-11-01,Month,total
Mobile App,0,0,0,Mortgages,NA,NA,2022-11-01,Month,total
Natural Search,25612,906.6666666666667,407.27272727272725,Mortgages,3.5400072882503006,44.919786096256644,2022-11-01,Month,total
Paid Search,6565,218.33333333333334,63.63636363636363,Mortgages,3.3257171871033204,29.146426092991007,2022-11-01,Month,total
Referring Domains,832,30.833333333333336,14.545454545454545,Mortgages,3.7059294871794832,47.17444717444708,2022-11-01,Month,total
Social Networks,79,0.8333333333333334,0.9090909090909091,Mortgages,1.054852320675105,109.09090909090911,2022-11-01,Month,total
::unspecified::,14,0.8333333333333334,0,Mortgages,5.95238095238095,0,2022-12-01,Month,total
Affiliate,2160,108.33333333333334,13.636363636363635,Mortgages,5.015432098765417,12.587412587412592,2022-12-01,Month,total
Direct,14342,750,402.7272727272727,Mortgages,5.229396179054525,53.69696969696973,2022-12-01,Month,total
Display,2,0,0,Mortgages,0,NA,2022-12-01,Month,total
Email,31,0,0,Mortgages,0,NA,2022-12-01,Month,total
Mobile App,0,0,0,Mortgages,NA,NA,2022-12-01,Month,total
Natural Search,19098,639.1666666666667,280,Mortgages,3.3467727859810816,43.80704041720988,2022-12-01,Month,total
Paid Search,11752,325,97.27272727272727,Mortgages,2.765486725663717,29.930069930069937,2022-12-01,Month,total
Referring Domains,679,30,14.545454545454545,Mortgages,4.418262150220913,48.484848484848335,2022-12-01,Month,total
Social Networks,71,0.8333333333333334,0,Mortgages,1.173708920187793,0,2022-12-01,Month,total
::unspecified::,8,2.5,0.9090909090909091,Mortgages,31.25,36.36363636363636,2023-01-01,Month,total
Affiliate,28,0.8333333333333334,0,Mortgages,2.976190476190475,0,2023-01-01,Month,total
Direct,15415,1007.5,546.3636363636364,Mortgages,6.5358417126175805,54.22964132641549,2023-01-01,Month,total
Display,1,0,0,Mortgages,0,NA,2023-01-01,Month,total
Email,141,42.5,8.181818181818182,Mortgages,30.141843971631204,19.251336898395717,2023-01-01,Month,total
Mobile App,0,0,0,Mortgages,NA,NA,2023-01-01,Month,total
Natural Search,30212,1168.3333333333335,502.7272727272727,Mortgages,3.8671168189240372,43.029438464531324,2023-01-01,Month,total
Paid Search,3958,125.83333333333334,49.090909090909086,Mortgages,3.1792150917971953,39.012642986153026,2023-01-01,Month,total
Referring Domains,969,50.833333333333336,21.818181818181817,Mortgages,5.245958032335738,42.921013412816684,2023-01-01,Month,total
Social Networks,36,0,0,Mortgages,0,NA,2023-01-01,Month,total
::unspecified::,16,2.5,0.9090909090909091,Mortgages,15.625,36.36363636363636,2023-02-01,Month,total
Affiliate,5,0.8333333333333334,0,Mortgages,16.66666666666666,0,2023-02-01,Month,total
Direct,18974,886.6666666666667,469.99999999999994,Mortgages,4.673061382242368,53.00751879699246,2023-02-01,Month,total
Display,6,0,0,Mortgages,0,NA,2023-02-01,Month,total
Email,92,35.833333333333336,16.363636363636363,Mortgages,38.9492753623188,45.66596194503185,2023-02-01,Month,total
Mobile App,26,130,66.36363636363636,Mortgages,500,51.048951048951075,2023-02-01,Month,total
Natural Search,33548,1100,485.45454545454544,Mortgages,3.2788839871229283,44.13223140495863,2023-02-01,Month,total
Paid Search,8760,270.83333333333337,82.72727272727272,Mortgages,3.091704718417043,30.545454545454575,2023-02-01,Month,total
Referring Domains,1050,46.66666666666667,23.636363636363633,Mortgages,4.444444444444447,50.64935064935053,2023-02-01,Month,total
Social Networks,113,3.3333333333333335,0,Mortgages,2.949852507374628,0,2023-02-01,Month,total
::unspecified::,30,0.8333333333333334,0.9090909090909091,Mortgages,2.777777777777777,109.09090909090911,2023-03-01,Month,total
Affiliate,59,2.5,0,Mortgages,4.23728813559322,0,2023-03-01,Month,total
Direct,19325,845,439.99999999999994,Mortgages,4.372574385510996,52.071005917159766,2023-03-01,Month,total
Display,4,0,0,Mortgages,0,NA,2023-03-01,Month,total
Email,104,29.166666666666668,5.454545454545454,Mortgages,28.044871794871828,18.70129870129866,2023-03-01,Month,total
Mobile App,56,249.16666666666669,133.63636363636363,Mortgages,444.94047619047683,53.63332319854066,2023-03-01,Month,total
Natural Search,30069,958.3333333333334,419.09090909090907,Mortgages,3.187114082055716,43.731225296442695,2023-03-01,Month,total
Paid Search,15637,545.8333333333334,198.18181818181816,Mortgages,3.4906525122039587,36.30811936155446,2023-03-01,Month,total
Referring Domains,1127,47.5,22.727272727272727,Mortgages,4.2147293700088735,47.846889952153056,2023-03-01,Month,total
Social Networks,366,0,0,Mortgages,0,NA,2023-03-01,Month,total
::unspecified::,42,1.6666666666666667,0,Mortgages,3.9682539682539764,0,2023-04-01,Month,total
Affiliate,23,1.6666666666666667,0,Mortgages,7.246376811594217,0,2023-04-01,Month,total
Direct,14984,932.5,460.9090909090909,Mortgages,6.22330485851575,49.4272483548623,2023-04-01,Month,total
Display,4,0,0,Mortgages,0,NA,2023-04-01,Month,total
Email,289,37.5,13.636363636363635,Mortgages,12.975778546712801,36.36363636363627,2023-04-01,Month,total
Mobile App,29,282.5,142.72727272727272,Mortgages,974.1379310344828,50.5229283990347,2023-04-01,Month,total
Natural Search,24692,981.6666666666667,432.7272727272727,Mortgages,3.9756466331875386,44.08087667849978,2023-04-01,Month,total
Paid Search,15430,557.5,169.09090909090907,Mortgages,3.613091380427738,30.33020790868323,2023-04-01,Month,total
Referring Domains,1053,60.833333333333336,22.727272727272727,Mortgages,5.777144666033552,37.35990037359898,2023-04-01,Month,total
Social Networks,154,2.5,0,Mortgages,1.6233766233766231,0,2023-04-01,Month,total
::unspecified::,49,2.5,0,Mortgages,5.1020408163265305,0,2023-05-01,Month,total
Affiliate,13,0,0,Mortgages,0,NA,2023-05-01,Month,total
Direct,18929,890.8333333333334,409.99999999999994,Mortgages,4.706182753094897,46.02432179607111,2023-05-01,Month,total
Display,11,0,0,Mortgages,0,NA,2023-05-01,Month,total
Email,175,40,11.818181818181817,Mortgages,22.857142857142858,29.545454545454504,2023-05-01,Month,total
Mobile App,66,274.1666666666667,122.72727272727272,Mortgages,415.4040404040409,44.763746891406505,2023-05-01,Month,total
Natural Search,29866,1073.3333333333335,435.45454545454544,Mortgages,3.5938302194245297,40.57029926595152,2023-05-01,Month,total
Paid Search,17660,650.8333333333334,183.63636363636363,Mortgages,3.6853529633824067,28.2155744383658,2023-05-01,Month,total
Referring Domains,1356,40,25.454545454545453,Mortgages,2.949852507374631,63.63636363636375,2023-05-01,Month,total
Social Networks,42,1.6666666666666667,0.9090909090909091,Mortgages,3.9682539682539764,54.54545454545443,2023-05-01,Month,total
::unspecified::,83,4.166666666666667,0.9090909090909091,Mortgages,5.020080321285144,21.8181818181818,2023-06-01,Month,total
Affiliate,18,0,0,Mortgages,0,NA,2023-06-01,Month,total
Direct,20780,560.8333333333334,275.45454545454544,Mortgages,2.6989092075713814,49.115223558016964,2023-06-01,Month,total
Display,5,0,0,Mortgages,0,NA,2023-06-01,Month,total
Email,103,52.5,7.2727272727272725,Mortgages,50.970873786407765,13.852813852813847,2023-06-01,Month,total
Mobile App,112,215.83333333333334,106.36363636363636,Mortgages,192.70833333333303,49.28044928044919,2023-06-01,Month,total
Natural Search,26024,1007.5,300,Mortgages,3.871426375653243,29.776674937965257,2023-06-01,Month,total
Paid Search,17697,705,148.18181818181816,Mortgages,3.9837260552636042,21.018697614442267,2023-06-01,Month,total
Referring Domains,3384,31.666666666666668,12.727272727272727,Mortgages,0.9357762017336495,40.19138755980848,2023-06-01,Month,total
Social Networks,64,2.5,0.9090909090909091,Mortgages,3.90625,36.36363636363636,2023-06-01,Month,total
::unspecified::,72,0.8333333333333334,0,Mortgages,1.157407407407407,0,2023-07-01,Month,total
Affiliate,44,0,0,Mortgages,0,NA,2023-07-01,Month,total
Direct,16179,500.83333333333337,217.27272727272725,Mortgages,3.095576570451406,43.38224171834818,2023-07-01,Month,total
Display,27,0,0,Mortgages,0,NA,2023-07-01,Month,total
Email,169,81.66666666666667,11.818181818181817,Mortgages,48.323471400394496,14.471243042671587,2023-07-01,Month,total
Mobile App,120,216.66666666666669,82.72727272727272,Mortgages,180.55555555555583,38.18181818181811,2023-07-01,Month,total
Natural Search,18525,860.8333333333334,236.36363636363635,Mortgages,4.646873594242014,27.457537622106802,2023-07-01,Month,total
Paid Search,18070,805.8333333333334,141.8181818181818,Mortgages,4.459509315624422,17.59894707154276,2023-07-01,Month,total
Referring Domains,3390,38.333333333333336,10,Mortgages,1.1307767944936078,26.08695652173915,2023-07-01,Month,total
Social Networks,22,0,0,Mortgages,0,NA,2023-07-01,Month,total
